{"complete_pattern_lines_added": -2.4535209982055382e+17, "floor_score_change": -4.4266002011016315e+19, "bonus_change": 0.0}