{"complete_pattern_lines_added": 3.3460340875419856e+73, "floor_score_change": 5.039059211521663e+77, "bonus_change": 0.0}