{"complete_pattern_lines_added": 5.589575242604845e+108, "floor_score_change": -1.1166299583081137e+109, "bonus_change": 999999999.0}