{"complete_pattern_lines_added": 9.956911385003987e+221, "floor_score_change": -9.010374718780379e+224, "bonus_change": 0.0}