{"complete_pattern_lines_added": 2.335939223387409e+134, "floor_score_change": -1.5563782386496736e+135, "bonus_change": 0.0}